{
	"parent": "item/generated",
	"textures": {
		"layer0": "minecraft:item/phantom_membrane"
	},
	"overrides": [
		{ "predicate": { "custom_model_data": 1}, "model": "item/phantom_membrane/head2" },
		{ "predicate": { "custom_model_data": 2}, "model": "item/phantom_membrane/body" },
		{ "predicate": { "custom_model_data": 3}, "model": "item/phantom_membrane/leg" },
		{ "predicate": { "custom_model_data": 4}, "model": "item/phantom_membrane/left_arm_top" },
		{ "predicate": { "custom_model_data": 5}, "model": "item/phantom_membrane/left_arm_bottom" },
		{ "predicate": { "custom_model_data": 6}, "model": "item/phantom_membrane/right_arm_top" },
		{ "predicate": { "custom_model_data": 7}, "model": "item/phantom_membrane/right_arm_bottom" },
		{ "predicate": { "custom_model_data": 8}, "model": "item/phantom_membrane/right_ear" },
		{ "predicate": { "custom_model_data": 9}, "model": "item/phantom_membrane/left_ear" }
	]
}
