{
	"credit": "Made with Blockbench",
	"texture_size": [192, 192],
	"textures": {
		"0": "item/warden/warden2"
	},
	"elements": [
		{
			"name": "body",
			"from": [-5.5, 0, -1],
			"to": [21.5, 32, 16],
			"faces": {
				"north": {"uv": [1.41667, 13.33333, 3.66667, 16], "texture": "#0"},
				"east": {"uv": [0, 13.33333, 1.41667, 16], "texture": "#0"},
				"south": {"uv": [5.08333, 13.33333, 7.33333, 16], "texture": "#0"},
				"west": {"uv": [3.66667, 13.33333, 5.08333, 16], "texture": "#0"},
				"up": {"uv": [3.66667, 13.33333, 1.41667, 11.91667], "texture": "#0"},
				"down": {"uv": [5.91667, 11.91667, 3.66667, 13.33333], "texture": "#0"}
			}
		}
	],
	"groups": [
		{
			"name": "body",
			"origin": [0, 46.5, 0],
			"color": 0,
			"children": [0]
		},
		{
			"name": "head",
			"origin": [0, 46.5, -3],
			"color": 0,
			"children": [
				{
					"name": "R_ear",
					"origin": [12, 64.5, -4.5],
					"color": 0,
					"children": []
				},
				{
					"name": "L_ear",
					"origin": [-12, 64.5, -4.5],
					"color": 0,
					"children": []
				}
			]
		},
		{
			"name": "right_arm",
			"origin": [0, 46.5, 0],
			"color": 0,
			"children": []
		},
		{
			"name": "left_arm",
			"origin": [0, 46.5, 0],
			"color": 0,
			"children": []
		},
		{
			"name": "right_leg",
			"origin": [-6, 19.5, 0],
			"color": 0,
			"children": [
				{
					"name": "right_leg_W",
					"origin": [9, 18, -4.5],
					"color": 0,
					"children": []
				}
			]
		},
		{
			"name": "left_leg",
			"origin": [7.5, 19.5, 0],
			"color": 0,
			"children": [
				{
					"name": "leg_leg_W",
					"origin": [-9, 18, -4.5],
					"color": 0,
					"children": []
				}
			]
		}
	]
}