{
	"credit": "Made with Blockbench",
	"texture_size": [192, 192],
	"textures": {
		"0": "item/warden/warden2"
	},
	"elements": [
		{
			"name": "head",
			"from": [-4.25, 0, 0.5],
			"to": [19.75, 24, 15.5],
			"faces": {
				"north": {"uv": [8.58333, 14, 10.58333, 16], "texture": "#0"},
				"east": {"uv": [7.33333, 14, 8.58333, 16], "texture": "#0"},
				"south": {"uv": [11.83333, 14, 13.83333, 16], "texture": "#0"},
				"west": {"uv": [10.58333, 14, 11.83333, 16], "texture": "#0"},
				"up": {"uv": [10.58333, 14, 8.58333, 12.75], "texture": "#0"},
				"down": {"uv": [12.58333, 12.75, 10.58333, 14], "texture": "#0"}
			}
		}
	],
	"groups": [
		{
			"name": "body",
			"origin": [0, 46.5, 0],
			"color": 0,
			"children": []
		},
		{
			"name": "head",
			"origin": [0, 46.5, -3],
			"color": 0,
			"children": [
				0,
				{
					"name": "R_ear",
					"origin": [12, 64.5, -4.5],
					"color": 0,
					"children": []
				},
				{
					"name": "L_ear",
					"origin": [-12, 64.5, -4.5],
					"color": 0,
					"children": []
				}
			]
		},
		{
			"name": "right_arm",
			"origin": [0, 46.5, 0],
			"color": 0,
			"children": []
		},
		{
			"name": "left_arm",
			"origin": [0, 46.5, 0],
			"color": 0,
			"children": []
		},
		{
			"name": "right_leg",
			"origin": [-6, 19.5, 0],
			"color": 0,
			"children": [
				{
					"name": "right_leg_W",
					"origin": [9, 18, -4.5],
					"color": 0,
					"children": []
				}
			]
		},
		{
			"name": "left_leg",
			"origin": [7.5, 19.5, 0],
			"color": 0,
			"children": [
				{
					"name": "leg_leg_W",
					"origin": [-9, 18, -4.5],
					"color": 0,
					"children": []
				}
			]
		}
	]
}