{
	"credit": "Made with Blockbench",
	"texture_size": [192, 192],
	"textures": {
		"0": "item/warden/warden2"
	},
	"elements": [
		{
			"name": "right_leg_W",
			"from": [3.5, 0, 2.5],
			"to": [12.5, 18, 13.5],
			"faces": {
				"north": {"uv": [13.58333, 12.5, 14.33333, 14], "texture": "#0"},
				"east": {"uv": [12.66667, 12.5, 13.58333, 14], "texture": "#0"},
				"south": {"uv": [15.25, 12.5, 16, 14], "texture": "#0"},
				"west": {"uv": [14.33333, 12.5, 15.25, 14], "texture": "#0"},
				"up": {"uv": [14.33333, 12.5, 13.58333, 11.58333], "texture": "#0"},
				"down": {"uv": [15.08333, 11.58333, 14.33333, 12.5], "texture": "#0"}
			}
		}
	],
	"groups": [
		{
			"name": "body",
			"origin": [0, 46.5, 0],
			"color": 0,
			"children": []
		},
		{
			"name": "head",
			"origin": [0, 46.5, -3],
			"color": 0,
			"children": [
				{
					"name": "R_ear",
					"origin": [12, 64.5, -4.5],
					"color": 0,
					"children": []
				},
				{
					"name": "L_ear",
					"origin": [-12, 64.5, -4.5],
					"color": 0,
					"children": []
				}
			]
		},
		{
			"name": "right_arm",
			"origin": [0, 46.5, 0],
			"color": 0,
			"children": []
		},
		{
			"name": "left_arm",
			"origin": [0, 46.5, 0],
			"color": 0,
			"children": []
		},
		{
			"name": "right_leg",
			"origin": [-6, 19.5, 0],
			"color": 0,
			"children": [
				{
					"name": "right_leg_W",
					"origin": [9, 18, -4.5],
					"color": 0,
					"children": [0]
				}
			]
		},
		{
			"name": "left_leg",
			"origin": [7.5, 19.5, 0],
			"color": 0,
			"children": [
				{
					"name": "leg_leg_W",
					"origin": [-9, 18, -4.5],
					"color": 0,
					"children": []
				}
			]
		}
	]
}