{
	"credit": "Made with Blockbench",
	"texture_size": [192, 192],
	"textures": {
		"0": "item/warden/warden2"
	},
	"elements": [
		{
			"name": "L_ear",
			"from": [15.5, 0, 8],
			"to": [0.5, 15, 8],
			"faces": {
				"north": {"uv": [16, 0, 14.75, 1.25], "texture": "#0"},
				"east": {"uv": [16, 0, 16, 1.25], "texture": "#0"},
				"south": {"uv": [14.75, 0, 13.5, 1.25], "texture": "#0"},
				"west": {"uv": [14.75, 0, 14.75, 1.25], "texture": "#0"},
				"up": {"uv": [14.75, 0, 16, 0], "texture": "#0"},
				"down": {"uv": [13.5, 0, 14.75, 0], "texture": "#0"}
			}
		}
	],
	"groups": [
		{
			"name": "body",
			"origin": [0, 46.5, 0],
			"color": 0,
			"children": []
		},
		{
			"name": "head",
			"origin": [0, 46.5, -3],
			"color": 0,
			"children": [
				{
					"name": "R_ear",
					"origin": [12, 64.5, -4.5],
					"color": 0,
					"children": []
				},
				{
					"name": "L_ear",
					"origin": [-12, 64.5, -4.5],
					"color": 0,
					"children": [0]
				}
			]
		},
		{
			"name": "right_arm",
			"origin": [0, 46.5, 0],
			"color": 0,
			"children": []
		},
		{
			"name": "left_arm",
			"origin": [0, 46.5, 0],
			"color": 0,
			"children": []
		},
		{
			"name": "right_leg",
			"origin": [-6, 19.5, 0],
			"color": 0,
			"children": [
				{
					"name": "right_leg_W",
					"origin": [9, 18, -4.5],
					"color": 0,
					"children": []
				}
			]
		},
		{
			"name": "left_leg",
			"origin": [7.5, 19.5, 0],
			"color": 0,
			"children": [
				{
					"name": "leg_leg_W",
					"origin": [-9, 18, -4.5],
					"color": 0,
					"children": []
				}
			]
		}
	]
}