{
	"credit": "Made with Blockbench",
	"texture_size": [192, 192],
	"textures": {
		"0": "item/warden/warden2"

	},
	"elements": [
		{
			"name": "left_arm",
			"from": [2, 0, 2],
			"to": [14, 20.5, 14],
			"faces": {
				"north": {"uv": [13, 5.33333, 14, 7], "texture": "#0"},
				"east": {"uv": [12, 5.33333, 13, 7], "texture": "#0"},
				"south": {"uv": [15, 5.33333, 16, 7], "texture": "#0"},
				"west": {"uv": [14, 5.33333, 15, 7], "texture": "#0"},
				"up": {"uv": [14, 5.33333, 13, 4.33333], "texture": "#0"},
				"down": {"uv": [15, 4.33333, 14, 5.33333], "texture": "#0"}
			}
		}
	],
	"groups": [
		{
			"name": "body",
			"origin": [0, 46.5, 0],
			"color": 0,
			"children": []
		},
		{
			"name": "head",
			"origin": [0, 46.5, -3],
			"color": 0,
			"children": [
				{
					"name": "R_ear",
					"origin": [12, 64.5, -4.5],
					"color": 0,
					"children": []
				},
				{
					"name": "L_ear",
					"origin": [-12, 64.5, -4.5],
					"color": 0,
					"children": []
				}
			]
		},
		{
			"name": "right_arm",
			"origin": [0, 46.5, 0],
			"color": 0,
			"children": []
		},
		{
			"name": "left_arm",
			"origin": [0, 46.5, 0],
			"color": 0,
			"children": [0]
		},
		{
			"name": "right_leg",
			"origin": [-6, 19.5, 0],
			"color": 0,
			"children": [
				{
					"name": "right_leg_W",
					"origin": [9, 18, -4.5],
					"color": 0,
					"children": []
				}
			]
		},
		{
			"name": "left_leg",
			"origin": [7.5, 19.5, 0],
			"color": 0,
			"children": [
				{
					"name": "leg_leg_W",
					"origin": [-9, 18, -4.5],
					"color": 0,
					"children": []
				}
			]
		}
	]
}